<?xml version="1.0"?>
<data grt_format="2.0">
  <value _ptr_="00000267201EBAE0" type="list" content-type="object" content-struct-name="db.mgmt.Connection">
    <value type="object" struct-name="db.mgmt.Connection" id="{D4DE13E0-A8AE-4ABE-824A-85E765DDEBE4}" struct-checksum="0x96ba47d8">
      <link type="object" struct-name="db.mgmt.Driver" key="driver">com.mysql.rdbms.mysql.driver.native</link>
      <value type="string" key="hostIdentifier">Mysql@localhost:3306</value>
      <value type="int" key="isDefault">1</value>
      <value _ptr_="00000267201785A0" type="dict" key="modules"/>
      <value _ptr_="0000026720178300" type="dict" key="parameterValues">
        <value type="string" key="DbSqlEditor:LastDefaultSchema"></value>
        <value type="string" key="SQL_MODE"></value>
        <value type="string" key="hostName">localhost</value>
        <value type="int" key="lastConnected">1605002414</value>
        <value type="string" key="password"></value>
        <value type="int" key="port">3306</value>
        <value type="string" key="serverVersion">8.0.20</value>
        <value type="string" key="sslCA"></value>
        <value type="string" key="sslCert"></value>
        <value type="string" key="sslCipher"></value>
        <value type="string" key="sslKey"></value>
        <value type="int" key="useSSL">1</value>
        <value type="string" key="userName">root</value>
      </value>
      <value type="string" key="name">Local instance MySQL80</value>
      <link type="object" struct-name="GrtObject" key="owner">{26F15E7D-7F49-491D-902C-5DCD934C152D}</link>
    </value>
  </value>
</data>
